alex_calib1_x,alex_calib1_y,alex_calib1_z,alex_calib2_x,alex_calib2_y,alex_calib2_z,alex_calib3_x,alex_calib3_y,alex_calib3_z,alex_calib4_x,alex_calib4_y,alex_calib4_z,alex_calib5_x,alex_calib5_y,alex_calib5_z,alex_calib6_x,alex_calib6_y,alex_calib6_z,alex_calib7_x,alex_calib7_y,alex_calib7_z,alex_box1_x,alex_box1_y,alex_box1_z,alex_box2_x,alex_box2_y,alex_box2_z,alex_box3_x,alex_box3_y,alex_box3_z,alex_box4_x,alex_box4_y,alex_box4_z,alex_box5_x,alex_box5_y,alex_box5_z,alex_box6_x,alex_box6_y,alex_box6_z,alex_box7_x,alex_box7_y,alex_box7_z
2010.0771666984745,-14.640832114791472,659.6412295917451,2030.2768559704964,-123.30059908034804,1030.6786981203886,2119.2628986377304,-398.6467156367388,920.6319197303353,2145.8831535968316,-546.6429846299159,1405.7719615795925,2071.1112899082345,-285.3489466176636,1402.143460929841,1988.9403365713372,-32.37349318035726,1415.1636965923442,2171.0097991430935,-551.3305891850606,653.9385730373655,2288.5207670623,-1141.503499750061,978.5475816192607,2167.1457869461397,-1141.830157129768,853.9512331454305,2182.1893094701895,-1133.614053511846,727.9307979129649,2334.9520777099483,-1297.1077986892508,967.058142430166,2415.028043194801,-1421.8594196987285,920.6627649455327,2306.493314382778,-1496.4941328965406,897.7553212265565,2427.865661501681,-1370.99041511956,712.5451818677905
