alex_box1_x,alex_box1_y,alex_box1_z,alex_box2_x,alex_box2_y,alex_box2_z,alex_box3_x,alex_box3_y,alex_box3_z,alex_box4_x,alex_box4_y,alex_box4_z,alex_box5_x,alex_box5_y,alex_box5_z,alex_box6_x,alex_box6_y,alex_box6_z,alex_box7_x,alex_box7_y,alex_box7_z
2288.5207670623,-1141.503499750061,978.5475816192607,2167.1457869461397,-1141.830157129768,853.9512331454305,2182.1893094701895,-1133.614053511846,727.9307979129649,2334.9520777099483,-1297.1077986892508,967.058142430166,2415.028043194801,-1421.8594196987285,920.6627649455327,2306.493314382778,-1496.4941328965406,897.7553212265565,2427.865661501681,-1370.99041511956,712.5451818677905
